{"cameraMode":{"drawMode":0,"name":"Shaded","section":"Shading Mode"},"sceneLighting":false,"audioPlay":false,"sceneViewState":{"showFog":true,"showMaterialUpdate":false,"showSkybox":false,"showFlares":true,"showImageEffects":true,"showParticleSystems":true,"showVisualEffectGraphs":true,"m_FxEnabled":true},"in2DMode":false,"pivot":{"x":-0.45200228691101076,"y":0.05241268873214722,"z":0.05587565898895264},"rotation":{"x":-0.07792235165834427,"y":0.4963339865207672,"z":-0.04479125514626503,"w":-0.8634687662124634},"size":2.36602520942688,"orthographic":false}