{"cameraMode":{"drawMode":0,"name":"Shaded","section":"Shading Mode"},"sceneLighting":false,"audioPlay":false,"sceneViewState":{"showFog":true,"showMaterialUpdate":false,"showSkybox":false,"showFlares":true,"showImageEffects":true,"showParticleSystems":true,"showVisualEffectGraphs":true,"m_FxEnabled":true},"in2DMode":false,"pivot":{"x":0.2355790138244629,"y":1.3721647262573243,"z":2.3917951583862306},"rotation":{"x":-0.05993015319108963,"y":-0.5985563397407532,"z":0.04497593641281128,"w":-0.7975687980651856},"size":2.4990382194519045,"orthographic":false}