{"cameraMode":{"drawMode":0,"name":"Shaded","section":"Shading Mode"},"sceneLighting":true,"audioPlay":false,"sceneViewState":{"showFog":true,"showMaterialUpdate":false,"showSkybox":true,"showFlares":true,"showImageEffects":true,"showParticleSystems":true,"showVisualEffectGraphs":true,"m_FxEnabled":true},"in2DMode":false,"pivot":{"x":430.96563720703127,"y":213.62197875976563,"z":-47.11180114746094},"rotation":{"x":0.1341875046491623,"y":0.07661756873130799,"z":-0.010406450368463993,"w":0.9879360198974609},"size":442.70574951171877,"orthographic":false}