{"cameraMode":{"drawMode":0,"name":"Shaded","section":"Shading Mode"},"sceneLighting":true,"audioPlay":false,"sceneViewState":{"showFog":true,"showMaterialUpdate":false,"showSkybox":true,"showFlares":true,"showImageEffects":true,"showParticleSystems":true,"showVisualEffectGraphs":true,"m_FxEnabled":true},"in2DMode":false,"pivot":{"x":-9.094005584716797,"y":14.105619430541993,"z":21.699344635009767},"rotation":{"x":-0.014023413881659508,"y":0.3547550439834595,"z":-0.005322026088833809,"w":-0.9348400831222534},"size":43.84174728393555,"orthographic":false}