{"cameraMode":{"drawMode":0,"name":"Shaded","section":"Shading Mode"},"sceneLighting":false,"audioPlay":false,"sceneViewState":{"showFog":true,"showMaterialUpdate":false,"showSkybox":false,"showFlares":true,"showImageEffects":true,"showParticleSystems":true,"showVisualEffectGraphs":true,"m_FxEnabled":true},"in2DMode":false,"pivot":{"x":0.032953351736068729,"y":0.0024527907371520998,"z":-0.11246562004089356},"rotation":{"x":-0.014023413881659508,"y":0.3547550439834595,"z":-0.005322026088833809,"w":-0.9348400831222534},"size":2.0106024742126467,"orthographic":false}