{"cameraMode":{"drawMode":0,"name":"Shaded","section":"Shading Mode"},"sceneLighting":false,"audioPlay":false,"sceneViewState":{"showFog":true,"showMaterialUpdate":false,"showSkybox":false,"showFlares":true,"showImageEffects":true,"showParticleSystems":true},"in2DMode":false,"pivot":{"x":-0.08510684967041016,"y":2.6743671894073488,"z":-0.03670454025268555},"rotation":{"x":-0.05792873352766037,"y":0.4914690852165222,"z":-0.0834648534655571,"w":0.8649536967277527},"size":7.389410972595215,"orthographic":false}