{"cameraMode":{"drawMode":0,"name":"Shaded","section":"Shading Mode"},"sceneLighting":false,"audioPlay":false,"sceneViewState":{"showFog":true,"showMaterialUpdate":false,"showSkybox":false,"showFlares":true,"showImageEffects":true,"showParticleSystems":true},"in2DMode":false,"pivot":{"x":-0.1271822452545166,"y":-0.1287921667098999,"z":0.0994819775223732},"rotation":{"x":-0.14372393488883973,"y":0.6911517381668091,"z":-0.1432071328163147,"w":-0.6936458349227905},"size":2.3566720485687258,"orthographic":false}