{"cameraMode":{"drawMode":0,"name":"Shaded","section":"Shading Mode"},"sceneLighting":false,"audioPlay":false,"sceneViewState":{"showFog":true,"showMaterialUpdate":false,"showSkybox":false,"showFlares":true,"showImageEffects":true,"showParticleSystems":true},"in2DMode":false,"pivot":{"x":-3.5884861946105959,"y":2.156907320022583,"z":-2.384185791015625e-7},"rotation":{"x":0.22553882002830506,"y":0.3067457973957062,"z":-0.07506617903709412,"w":0.9216323494911194},"size":15.33656120300293,"orthographic":false}