{"cameraMode":{"drawMode":0,"name":"Shaded","section":"Shading Mode"},"sceneLighting":false,"audioPlay":false,"sceneViewState":{"showFog":true,"showMaterialUpdate":false,"showSkybox":false,"showFlares":true,"showImageEffects":true,"showParticleSystems":true},"in2DMode":false,"pivot":{"x":0.052347660064697269,"y":2.500000238418579,"z":-2.384185791015625e-7},"rotation":{"x":0.08941219747066498,"y":0.4924405813217163,"z":-0.17047056555747987,"w":0.8487968444824219},"size":11.170970916748047,"orthographic":false}