{"cameraMode":{"drawMode":0,"name":"Shaded","section":"Shading Mode"},"sceneLighting":false,"audioPlay":false,"sceneViewState":{"showFog":true,"showMaterialUpdate":false,"showSkybox":false,"showFlares":true,"showImageEffects":true,"showParticleSystems":true},"in2DMode":false,"pivot":{"x":-0.19187617301940919,"y":-0.2604482173919678,"z":-0.29153311252593996},"rotation":{"x":-0.1659325212240219,"y":0.748015284538269,"z":-0.20364868640899659,"w":-0.6094812154769898},"size":3.556671619415283,"orthographic":false}