{"cameraMode":{"drawMode":0,"name":"Shaded","section":"Shading Mode"},"sceneLighting":false,"audioPlay":false,"sceneViewState":{"showFog":true,"showMaterialUpdate":false,"showSkybox":false,"showFlares":true,"showImageEffects":true,"showParticleSystems":true},"in2DMode":false,"pivot":{"x":0.8948795795440674,"y":0.02384316921234131,"z":1.0559186935424805},"rotation":{"x":0.10778363794088364,"y":0.8771166205406189,"z":-0.2328624576330185,"w":0.40598583221435549},"size":5.669763088226318,"orthographic":false}