{"cameraMode":{"drawMode":0,"name":"Shaded","section":"Shading Mode"},"sceneLighting":false,"audioPlay":false,"sceneViewState":{"showFog":true,"showMaterialUpdate":false,"showSkybox":false,"showFlares":true,"showImageEffects":true,"showParticleSystems":true},"in2DMode":false,"pivot":{"x":960.0000610351563,"y":538.8567504882813,"z":0.0},"rotation":{"x":-0.20323921740055085,"y":0.25000959634780886,"z":-0.053760889917612079,"w":-0.945144534111023},"size":12.099575996398926,"orthographic":false}