{"cameraMode":{"drawMode":0,"name":"Shaded","section":"Shading Mode"},"sceneLighting":false,"audioPlay":false,"sceneViewState":{"showFog":true,"showMaterialUpdate":false,"showSkybox":false,"showFlares":true,"showImageEffects":true,"showParticleSystems":true},"in2DMode":false,"pivot":{"x":-2.222916603088379,"y":5.290603160858154,"z":1.593806505203247},"rotation":{"x":0.013612277805805207,"y":-0.7960067391395569,"z":0.0179129671305418,"w":0.6048715710639954},"size":14.936908721923829,"orthographic":false}