{"cameraMode":{"drawMode":0,"name":"Shaded","section":"Shading Mode"},"sceneLighting":false,"audioPlay":false,"sceneViewState":{"showFog":true,"showMaterialUpdate":false,"showSkybox":false,"showFlares":true,"showImageEffects":true,"showParticleSystems":true},"in2DMode":false,"pivot":{"x":-0.4638032913208008,"y":-0.18464374542236329,"z":0.6049805283546448},"rotation":{"x":-0.030559901148080827,"y":0.7733901739120483,"z":-0.037391118705272678,"w":-0.6320890784263611},"size":3.7411673069000246,"orthographic":false}