{"cameraMode":{"drawMode":0,"name":"Shaded","section":"Shading Mode"},"sceneLighting":true,"audioPlay":false,"sceneViewState":{"showFog":true,"showMaterialUpdate":false,"showSkybox":true,"showFlares":true,"showImageEffects":true,"showParticleSystems":true},"in2DMode":false,"pivot":{"x":2.1505422592163088,"y":-1.5618648529052735,"z":-0.0025739669799804689},"rotation":{"x":0.2684282958507538,"y":-0.5438229441642761,"z":0.18901166319847108,"w":0.7723206281661987},"size":14.2706937789917,"orthographic":false}