{"cameraMode":{"drawMode":0,"name":"Shaded","section":"Shading Mode"},"sceneLighting":false,"audioPlay":false,"sceneViewState":{"showFog":true,"showMaterialUpdate":false,"showSkybox":false,"showFlares":true,"showImageEffects":true,"showParticleSystems":true},"in2DMode":false,"pivot":{"x":-0.2283419370651245,"y":-0.4985470771789551,"z":-0.5104384422302246},"rotation":{"x":0.03368138149380684,"y":0.895832896232605,"z":-0.43771979212760928,"w":0.06893203407526016},"size":5.969717502593994,"orthographic":false}