{"cameraMode":{"drawMode":0,"name":"Shaded","section":"Shading Mode"},"sceneLighting":false,"audioPlay":false,"sceneViewState":{"showFog":true,"showMaterialUpdate":false,"showSkybox":false,"showFlares":true,"showImageEffects":true,"showParticleSystems":true},"in2DMode":false,"pivot":{"x":23.08723258972168,"y":-7.093577861785889,"z":-15.361808776855469},"rotation":{"x":0.028097189962863923,"y":0.9528940320014954,"z":-0.09320292621850968,"w":0.28725987672805788},"size":70.53937530517578,"orthographic":false}