{"cameraMode":{"drawMode":0,"name":"Shaded","section":"Shading Mode"},"sceneLighting":false,"audioPlay":false,"sceneViewState":{"showFog":true,"showMaterialUpdate":false,"showSkybox":false,"showFlares":true,"showImageEffects":true,"showParticleSystems":true},"in2DMode":false,"pivot":{"x":16.36538314819336,"y":0.6964411735534668,"z":23.47183609008789},"rotation":{"x":0.29612162709236147,"y":-0.19728323817253114,"z":0.0626518651843071,"w":0.9324515461921692},"size":31.787921905517579,"orthographic":false}