{"cameraMode":{"drawMode":0,"name":"Shaded","section":"Shading Mode"},"sceneLighting":false,"audioPlay":false,"sceneViewState":{"showFog":true,"showMaterialUpdate":false,"showSkybox":false,"showFlares":true,"showImageEffects":true,"showParticleSystems":true},"in2DMode":false,"pivot":{"x":67.75694274902344,"y":-4.6417694091796879,"z":-136.92726135253907},"rotation":{"x":-0.06668996065855026,"y":0.9329138994216919,"z":-0.23572950065135957,"w":-0.263929545879364},"size":1439.00830078125,"orthographic":false}