{"cameraMode":{"drawMode":0,"name":"Shaded","section":"Shading Mode"},"sceneLighting":false,"audioPlay":false,"sceneViewState":{"showFog":true,"showMaterialUpdate":false,"showSkybox":true,"showFlares":true,"showImageEffects":true,"showParticleSystems":true},"in2DMode":false,"pivot":{"x":1.4014596939086915,"y":1.1661484241485596,"z":-1.1920928955078126e-7},"rotation":{"x":0.22952117025852204,"y":-0.4505781829357147,"z":0.12107057869434357,"w":0.8541907072067261},"size":15.384404182434082,"orthographic":false}