{"cameraMode":{"drawMode":0,"name":"Shaded","section":"Shading Mode"},"sceneLighting":false,"audioPlay":false,"sceneViewState":{"showFog":true,"showMaterialUpdate":false,"showSkybox":true,"showFlares":true,"showImageEffects":true,"showParticleSystems":true},"in2DMode":false,"pivot":{"x":0.0,"y":0.3756723403930664,"z":-5.960464477539063e-7},"rotation":{"x":0.22952117025852204,"y":-0.4505781829357147,"z":0.12107057869434357,"w":0.8541907072067261},"size":13.23444652557373,"orthographic":false}