{"cameraMode":{"drawMode":0,"name":"Shaded","section":"Shading Mode"},"sceneLighting":false,"audioPlay":false,"sceneViewState":{"showFog":true,"showMaterialUpdate":false,"showSkybox":true,"showFlares":true,"showImageEffects":true,"showParticleSystems":true},"in2DMode":false,"pivot":{"x":1.075150489807129,"y":-0.667597770690918,"z":-2.8083603382110597},"rotation":{"x":0.06242147833108902,"y":-0.8350038528442383,"z":0.09687412530183792,"w":0.5380406975746155},"size":9.467513084411621,"orthographic":false}